z_mm,dLETPrimaries,dLETProtons,dLETAll,tLETPrimaries,tLETProtons,tLETAll
0.0425,11.227476778545947,11.633363317421058,35.38578558025573,11.088738844453431,11.119698781302196,11.18484301458169
0.1275,11.232337955056385,11.724955868049127,35.66714243947419,11.088839796021869,11.12865310649124,11.201057861927385
0.21250000000000002,11.23424890798621,11.787787833132391,36.67975020342176,11.088900644146356,11.135544273153911,11.213373052343686
0.29750000000000004,11.270811018588764,11.869648756049246,36.399743966398205,11.128964617137724,11.181241351272009,11.259141244763777
0.38250000000000006,11.277012374043482,11.922944617755972,37.02846028769294,11.132753573973279,11.190702831719648,11.270033627097007
0.4675,11.277408795517566,11.958093980183925,37.64364256510756,11.132825108523683,11.195466024836506,11.276371370334616
0.5525000000000001,11.31474138503115,12.04348505726418,37.51940877393533,11.170557714523994,11.238028906937508,11.31951340316119
0.6375,11.317069872927426,12.081060415308498,36.478190754981995,11.176799301063545,11.248987958374899,11.329869527148707
0.7225000000000001,11.315568212905086,12.113218061238772,36.62824267205435,11.176929939824264,11.253255034005289,11.334151636475644
0.8075000000000001,11.358543479290503,12.177260715073327,37.049560261662826,11.213445620948592,11.29291029159519,11.373165681710868
0.8925000000000001,11.364107051262302,12.2216873702769,37.105929835824696,11.221147569945533,11.305224422142773,11.385502615031715
0.9775,11.363035160807526,12.257351723389275,36.25831354200493,11.221514293345821,11.309670053202817,11.390401517842887
1.0625,11.399957862767918,12.317965752059921,37.69955815545032,11.257513811443504,11.349210341798532,11.432453964390774
1.1475000000000002,11.408265981066908,12.354557402324374,35.94166027327682,11.26562374409068,11.360777984374915,11.439227504592525
1.2325000000000002,11.413170127073704,12.385133618574995,37.76282072827604,11.266574184106448,11.364849239070947,11.447524342041827
1.3175000000000001,11.447592891123223,12.454714515288098,37.24070020547555,11.302773666544837,11.405110421434706,11.487355681286296
1.4025,11.453515204813739,12.476089382367533,37.20649710778774,11.310294758269993,11.415403407526474,11.49824640653024
1.4875000000000003,11.455468442564664,12.510445883517411,36.73601830081551,11.312141532470958,11.420451259052568,11.501351997358082
1.5725000000000002,11.493230821872338,12.57139646610806,36.40773622963254,11.348892376348832,11.459943014470412,11.540838100577076
1.6575000000000002,11.497901010941764,12.599796762328289,37.34062518544742,11.35513496993521,11.468892267241525,11.55131990483942
1.7425000000000002,11.504350392150016,12.60853514158375,37.1610520439694,11.358753636762875,11.474811008510281,11.556269888148869
1.8275000000000001,11.540785301906196,12.670137366888177,36.366887251900515,11.39566891315318,11.514202061599612,11.595782806223434
1.9125,11.540072696979282,12.692679906913124,36.98667008537165,11.400136686867395,11.52176056513155,11.603115313126676
1.9975,11.548494574236999,12.711979415136293,38.129624464629885,11.406576831448046,11.53084962610393,11.616039460750727
2.0825,11.58725453477878,12.784562387922442,37.958479982489,11.442730168800454,11.569818836052528,11.655101435739544
2.1675000000000004,11.58712704747409,12.79411680274097,37.32755653064704,11.445482670608632,11.574161046048939,11.657757849938736
2.2525000000000004,11.604691883018836,12.82732162238868,36.66100373058196,11.4562663958377,11.587286318622109,11.669682394363852
2.3375000000000004,11.632142839973953,12.854570174506355,37.95181562801304,11.489690115822127,11.622386604297699,11.704967148762123
2.4225000000000003,11.634136927207237,12.887206375896286,37.614858494538005,11.491225349546449,11.626746822613944,11.710671564246315
2.5075000000000003,11.652016660169574,12.928110368181972,37.878813325724195,11.507652773431715,11.645944667063079,11.730163578945417
2.5925,11.683607393594691,12.939726305009007,37.04702493690341,11.536356217552159,11.675449525710404,11.75848087028011
2.6774999999999998,11.682133493548834,12.977829542455213,37.3030549236634,11.53771328900518,11.679623716465295,11.763148055608855
2.7625,11.710464025754263,13.011184706744789,38.264131946416136,11.560727485670114,11.7046040883502,11.789721696652672
2.8475,11.730462813062157,13.048980534947498,37.40085290921142,11.582507826777139,11.728613841125455,11.813096455982992
2.9325,11.730745316412303,13.07911818125316,36.89928056513461,11.585551910695546,11.734277284372332,11.817207198817778
3.0175,11.760258499085424,13.109614481876848,37.40125532575079,11.614077111493318,11.764243765128484,11.847173414467154
3.1025,11.77419304625053,13.126051249476166,36.92734147648146,11.628660076583218,11.779694182246399,11.861693394800085
3.1875,11.780007084471276,13.145429595857674,36.95897297490429,11.635527620912287,11.78878430973295,11.871186800240551
3.2725,11.81050941963586,13.17948511145332,37.40130377140171,11.666797036958856,11.82148936449468,11.905698482725176
3.3575,11.818311809454805,13.208491493741857,37.2102264298025,11.675377466738196,11.832020677964094,11.916362779734905
3.4425,11.834093436949868,13.237794174897292,37.18905716955611,11.688302556167699,11.84758058944996,11.931322385544572
3.5275,11.86176657876086,13.295218020009802,37.19587152255937,11.718061978158243,11.880305013333844,11.96433524747096
3.6125000000000003,11.868447961101229,13.284379288367465,37.805682946752505,11.723434078188411,11.885970358420332,11.970675530232686
3.6975000000000002,11.891051692852821,13.339084472568189,37.550890488872994,11.743769078060762,11.908957591545922,11.99425231848624
3.7824999999999998,11.913246160926343,13.367565319948557,38.15053899718278,11.76744189508231,11.934353281707152,12.020128285513074
3.8674999999999997,11.918285790032554,13.372188106803403,37.308627462060315,11.77371262103036,11.94184292727318,12.027021787964827
3.9524999999999997,11.945352025664526,13.420871325390532,38.34827883532607,11.800362964962352,11.970189142156801,12.055628898917226
4.0375,11.961731459210522,13.44680495731068,38.01171041616496,11.815688846080974,11.987367961911298,12.07316666114472
4.1225000000000005,11.9757209042865,13.471557527308306,37.423527373295464,11.827243012879824,12.000890300649536,12.086187820739998
4.2075000000000005,12.00318150719026,13.51609210888744,37.550640040118246,11.855629163027322,12.030804296772718,12.114828115847816
4.2925,12.007968111952312,13.519031234253028,37.2912058656108,11.864997559707655,12.041258270190761,12.125098380375672
4.3775,12.03175485655871,13.560582265609964,38.09073362015251,11.883949383332299,12.062160827639774,12.147930242781774
4.4625,12.055052195127129,13.598216320498999,37.99791012604709,11.908149293039317,12.088422583142176,12.174896070655818
4.547499999999999,12.064138978780015,13.618450279421918,37.93079275177234,11.917240548925434,12.098979969128422,12.18418831334048
4.6325,12.08738821268661,13.629914794601344,37.59622867959168,11.942335206784202,12.124475906199567,12.209072198105687
4.7175,12.10486803585702,13.664401113460482,37.9806103525485,11.958805694871932,12.142889764661653,12.229866825073614
4.8025,12.118005542987616,13.680855233111764,38.418987839014484,11.972995366497596,12.157876977657402,12.24396729452104
4.8875,12.14546664457698,13.714185245960188,37.72092766672578,11.999288782628918,12.186186393255113,12.271668831989642
4.9725,12.159087076595473,13.746256722967427,38.059341414022235,12.010773089596395,12.199972296116883,12.286943756416107
5.0575,12.17778616799671,13.762143025998663,38.15169124519862,12.031979812387872,12.221698197200997,12.309331981408887
5.1425,12.200662041328814,13.81402229924889,37.74088772947045,12.053282160068537,12.24496926333962,12.331058263210787
5.227500000000001,12.213658736334752,13.820551835414967,37.633078619953956,12.06630380953063,12.258737612259413,12.344420728655617
5.3125,12.238051622644104,13.860300656749379,38.493097164387585,12.091611566476384,12.286032820030872,12.372808548690163
5.397500000000001,12.25421350558281,13.87829158814039,38.34647803085261,12.106454850533623,12.302252022295326,12.390578136306662
5.4825,12.273281913243826,13.893936650215975,38.14631022830439,12.125639255559951,12.322388581004086,12.410953991207878
5.5675,12.295936056339544,13.947064677933646,37.6361841474362,12.14871326530653,12.347625364688652,12.433937301038297
5.6525,12.307068842680621,13.970874320153248,39.09075683639204,12.162535845890211,12.363108388660798,12.454000167914385
5.7375,12.333091186951298,13.995883905386604,37.83329142165598,12.18677843852911,12.387819872357666,12.476862225523437
5.822500000000001,12.351754125751045,14.006682539170415,38.10753879871721,12.204005497915578,12.405908964565524,12.49434864391786
5.9075,12.370803792286724,14.033255710853078,38.28441337929901,12.22278716891922,12.426102319537636,12.515465857319809
5.992500000000001,12.39375446429761,14.066176436141586,38.72199822615447,12.246171230667496,12.450710531625933,12.540585858505608
6.077500000000001,12.404557938161295,14.096462630514445,38.76997029259145,12.26139947602363,12.467847451021845,12.557326757729617
6.1625000000000005,12.432897389470337,14.118934081063243,38.68497015672563,12.285184548008852,12.49195309060644,12.58028283499965
6.2475000000000005,12.450451987611505,14.157243398468246,38.91413923906262,12.303500753969438,12.5123172710065,12.602146978172883
6.3325,12.474011771217207,14.165358287032753,37.9791598973154,12.323075217432839,12.532178934694045,12.619223180780242
6.4175,12.49481239251846,14.194721710101406,38.21269589993455,12.346112439370518,12.556287343089615,12.644908008921293
6.5024999999999995,12.506723056943697,14.225947424027554,38.56044032646867,12.362802238138578,12.574599139498655,12.662413110738445
6.5875,12.535824405633443,14.254366591458849,38.11279610542602,12.386656868642723,12.599166243488122,12.687017588229486
6.6725,12.55248135106554,14.274959612685961,38.00618019397978,12.405320170451619,12.618822160752234,12.706303987111973
6.7575,12.574792024947476,14.294334594586863,38.1684155051226,12.426223163708643,12.640612566942975,12.730784268567348
6.8425,12.59666277863245,14.327039644312086,38.9080329786862,12.448663687592687,12.665394414388121,12.75525042950401
6.9275,12.616503421526005,14.377165636528684,38.37484345928428,12.467091625195533,12.685975397285661,12.775723505977568
7.0125,12.637862352380944,14.38009186742984,38.33924769605171,12.490959619717527,12.709367616421302,12.79653770933008
7.0975,12.660779204410913,14.416288230365838,37.88615080085733,12.509956100171035,12.730040272679593,12.818083467737042
7.182500000000001,12.682984435857955,14.43391783703118,38.3779443756439,12.532510566091947,12.753092536621926,12.841638285423368
7.2675,12.699632308514154,14.465849511832875,38.213269255549086,12.553969223176749,12.776052652366332,12.864672988821967
7.352500000000001,12.72486412055314,14.496796419303122,38.51580823270258,12.574477860852697,12.797847840032803,12.88612408179957
7.4375,12.747602765465126,14.532375239688431,38.041987383884575,12.59812854961363,12.822882020764064,12.910800427414104
7.5225,12.76481027194909,14.555674877908459,38.19672900879312,12.617763425541606,12.843616260422534,12.932296892473783
7.6075,12.791603716035318,14.587556217541133,38.63956426331766,12.641698699199399,12.867849430225505,12.957419008219649
7.6925,12.808630910099868,14.600499449209362,38.05849558805239,12.662456981250592,12.889709681317985,12.979491717226702
7.777500000000001,12.833524069383047,14.640699062670247,38.4305892203393,12.68521600511684,12.91370968165325,13.003483346746892
7.8625,12.857441170890208,14.645402545150537,38.41826759790023,12.707951660007472,12.936550689141683,13.024885309712479
7.947500000000001,12.880749877785963,14.692398238154643,38.88916776701604,12.729510252842049,12.96022257640323,13.050703184335832
8.0325,12.90373648127658,14.717144426964914,39.03560275809826,12.753530612932947,12.985056245136978,13.076230732002111
8.117500000000001,12.922744030925353,14.721777530621608,38.84159883101713,12.774723828262921,13.00591687779303,13.09686587899244
8.2025,12.94742861477725,14.77167884251821,38.47939175806656,12.799059718882361,13.032145904341112,13.12268044909621
8.2875,12.967279270780352,14.781932864443405,38.136051998286725,12.820965031096435,13.053705815436773,13.14191335181407
8.3725,12.993759320350666,14.806617504365917,37.94633733251382,12.844874690187627,13.078204417275282,13.167401517967702
8.4575,13.018580589414134,14.83430802746189,38.12946146927786,12.86804158066568,13.102892307690462,13.190888118318963
8.5425,13.04076921518438,14.876310215972167,37.988473379880965,12.89126044424289,13.128454908330284,13.217286487435222
8.6275,13.064454570431087,14.916339039345747,37.840642985216505,12.915449750416709,13.153379395630466,13.242689815068017
8.7125,13.085084256295557,14.916600103496496,38.53484000561921,12.938351554958654,13.176476992084817,13.266408694676977
8.7975,13.11349271216896,14.971131943019639,38.83537985095956,12.963263320546512,13.202900282278945,13.294146494208164
8.8825,13.136813915740131,14.97570555209382,39.28039668414998,12.986379825250074,13.225779129588014,13.31774596857094
8.967500000000001,13.15988021986933,15.022019560495028,38.36535968666953,13.011411154802634,13.2527631949556,13.342887397086127
9.0525,13.187138396095628,15.046463374183247,38.749132930208894,13.035118705495513,13.277168717888795,13.367539645037521
9.137500000000001,13.208896047236802,15.085608831169257,38.63222972061923,13.060102088472057,13.30343158046707,13.394349182412869
9.2225,13.23741925997105,15.100795417330833,38.50201526349777,13.0845061871967,13.327682219209652,13.41787162464364
9.307500000000001,13.257987362829308,15.120522251151554,39.0451283007552,13.109398094849482,13.353342403140646,13.446115279573508
9.3925,13.281762266096012,15.140050233383615,38.02438398382035,13.134359915363717,13.378068489512826,13.468275878548608
9.477500000000001,13.309834328175508,15.18525644391625,38.50674643749863,13.159413161388505,13.40463276835976,13.495711545380502
9.5625,13.334304020481179,15.215102588478747,38.08767332150537,13.18494321874603,13.43142972776197,13.522613222366934
9.6475,13.36014510070715,15.24083956142257,38.89387498027271,13.210093714308732,13.456878057427836,13.550389371982037
9.7325,13.387130329885991,15.277486637965715,38.45814832835421,13.236113336117453,13.484183994288161,13.57543782910192
9.8175,13.410164382495392,15.278737975307404,37.855991405944465,13.261466965847937,13.508754400207003,13.59941596577929
9.9025,13.436965618831664,15.326908579896877,38.71737155966997,13.287835651883846,13.537076480257435,13.629113011543565
9.9875,13.46175655514712,15.368059282961966,37.904176904682146,13.313562010303638,13.564310264195434,13.654161995372101
10.072500000000002,13.488224808641029,15.375929212705444,38.59050581276263,13.340222107398834,13.591011730996787,13.682017832938167
10.157500000000002,13.513746027133068,15.422287635599593,38.78030699592693,13.366356487511949,13.619197750994868,13.70928574852512
10.242500000000001,13.544005318427939,15.4433957602248,39.15636517326401,13.39337142161978,13.646588184440901,13.740260647628991
10.3275,13.567903520880149,15.490336485960272,38.96111100521678,13.4198859983684,13.67404539333902,13.766061212998311
10.412500000000001,13.596231432412518,15.51685593421468,38.30636305263937,13.447148179879749,13.701649019576486,13.790660637820858
10.497500000000002,13.621719068774059,15.53673084606248,39.185603044081574,13.47410997093894,13.728607345328763,13.820780459658769
10.582500000000001,13.64946097542262,15.572274101330246,38.67268397503895,13.50166932448476,13.757089184994756,13.848338876047364
10.6675,13.676009643545859,15.602503526584007,38.22411090786775,13.529059916595301,13.785416034895862,13.875625884009967
10.752500000000003,13.703877632160037,15.624337105508054,38.274664798827615,13.556946635678763,13.813682078129585,13.905403217211704
10.837500000000002,13.73149150572691,15.660738501281672,38.25188568513499,13.58476247765766,13.842425488734046,13.933500301050698
10.922500000000001,13.761048774485433,15.688969063582913,38.678975933139306,13.613026734578586,13.870925522563633,13.963238346444758
11.0075,13.791848543003878,15.715746142073142,38.69823837570451,13.641322433419317,13.899464785129993,13.992301477034747
11.092500000000001,13.818614014575283,15.735662238789294,39.01830968781666,13.669893216825356,13.928171174195136,14.021442676284021
11.177500000000002,13.848905704509706,15.76972131919782,38.721962340948245,13.69857797763408,13.958040231979233,14.04940329533711
11.262500000000003,13.876911902978009,15.832181355600332,38.6273869739341,13.727551955844158,13.989445996411728,14.082928104557734
11.347500000000002,13.906719782384785,15.84498545620119,38.95563422842602,13.75663478835131,14.017760961366722,14.111095633094443
11.432500000000001,13.934786452378983,15.87262377896648,38.615863803752326,13.786009805459775,14.047704141387984,14.139586896301564
11.517500000000002,13.967170145015748,15.893792196831967,39.199020887596525,13.815554817263253,14.0770649145812,14.171561849845828
11.602500000000003,13.992309061108205,15.93814269437818,38.73711922587948,13.84526517071807,14.108369246701697,14.199886797451025
11.687500000000002,14.025853599974777,15.964947695720317,38.44253124103809,13.875265776583781,14.13848222889444,14.228707226886042
11.7725,14.054415912807439,16.014591649664602,38.958411534031654,13.90546783553908,14.170249404883164,14.262124133426283
11.857500000000002,14.086237548477142,16.039340105847604,39.14367446786679,13.935872583133161,14.200673612506334,14.292169407108773
11.942500000000003,14.115311112119432,16.045938690907338,38.66185359443941,13.966505132583837,14.230136267765948,14.321540621244543
12.027500000000002,14.144837231858245,16.08599758319329,38.67666449195671,13.99730610390329,14.262218461088864,14.354389675893984
12.1125,14.17825925799036,16.124162134859247,39.012404243789746,14.028464194251756,14.293817017169564,14.387080133060365
12.197500000000002,14.210409582719828,16.170288197194107,39.13520117029135,14.059782511537552,14.32684118312105,14.419840421801029
12.282500000000002,14.242263939371636,16.182309830347542,38.8637853274477,14.091345338031346,14.357608985907486,14.450273546682206
12.367500000000003,14.272375757371472,16.22009004230092,38.99790795058258,14.123082349377093,14.39102972643993,14.485013368081647
12.452500000000002,14.302283274296206,16.24530084989352,39.10137614657414,14.15506905366101,14.423064991208623,14.517014695469308
12.537500000000001,14.331981776451947,16.281003578106898,39.23263841711823,14.18727536815717,14.455861396913674,14.551034467183827
12.6225,14.367195418632809,16.316223290597573,39.045584787733816,14.21984558993238,14.48916419527498,14.583249349420088
12.707500000000003,14.40335808118997,16.360755558128606,39.09748429547567,14.252686605400044,14.52299198303048,14.616710871048673
12.792500000000002,14.432652077238586,16.40005126647549,39.65692408136446,14.285615226009988,14.557511649625102,14.652451788366408
12.877500000000001,14.464846444464019,16.42856868389153,39.24672313924155,14.318866965963625,14.59099416596361,14.684651362345841
12.962500000000002,14.502977264860549,16.482849187048767,38.903299901184575,14.352490364454418,14.62594079422954,14.718478745911831
13.047500000000001,14.538744057761006,16.52689150204281,38.68633158891152,14.38632678427735,14.660988881405183,14.754550685000888
13.132500000000002,14.570366555683474,16.561628838753165,39.076217923072996,14.42035243579163,14.695066895204857,14.788691206170792
13.217500000000001,14.605088036059376,16.577961335908782,39.54662975614157,14.454661203008275,14.729328476394118,14.823375078375156
13.302500000000002,14.637446167722834,16.606883621521504,39.344524624978014,14.489193443598321,14.764328891225071,14.859336755744485
13.387500000000001,14.673593055902325,16.65371103112417,39.70957173646049,14.5240970584425,14.800556992723791,14.894947934880436
13.472500000000004,14.709855626399658,16.70065089377692,38.76551739066662,14.559275618628762,14.837058213028028,14.930209369146933
13.557500000000003,14.74677359369988,16.738403593022625,39.58834275562694,14.594747471841059,14.87305243338917,14.967921572352624
13.642500000000002,14.778353197865401,16.783339503531323,39.99353656560613,14.630377460792246,14.909696257029577,15.004808917198712
13.727500000000001,14.8168759005147,16.819019765043702,38.677123547779516,14.666444615447247,14.945834582223382,15.036468086444334
13.8125,14.854963290289575,16.862848150262923,38.946959205127655,14.702794960498125,14.983128553230706,15.074426174103333
13.897500000000003,14.885953103674677,16.880462777549276,39.811319726629016,14.739287502831598,15.018890944660194,15.112877349373747
13.982500000000002,14.923975857434517,16.930929936751312,39.76893928508059,14.776224339495188,15.05711587573425,15.151885012207543
14.067500000000003,14.96277733843297,16.954999116689187,39.69385416703651,14.813480661626258,15.093389077817076,15.189013747410714
14.152500000000002,15.002262757436803,16.98522707789291,38.8142357260026,14.85106064750676,15.131382594414985,15.224103293364081
14.237500000000002,15.038309111146871,17.044554252894944,39.18464111069638,14.888875362070207,15.171147986362374,15.265010689631826
14.322500000000002,15.077680058098947,17.08033339247956,39.19686350172784,14.927077921765429,15.209497551194662,15.302258367294758
14.407500000000002,15.114176712680724,17.102215274757775,39.035893837677946,14.965521284073567,15.247785217589465,15.340846818211352
14.492500000000001,15.15529938879494,17.164678124022082,39.445374754254786,15.00440280726855,15.28798161472645,15.382547226780188
14.5775,15.190869393378517,17.222295259424886,39.50312598303806,15.043485531633152,15.328515098138952,15.42235819761829
14.662500000000003,15.231807298923249,17.251460484004724,39.975542393180426,15.083024799182727,15.367624285816289,15.463031493144875
14.747500000000002,15.270917658994145,17.29430542577219,39.386973071316945,15.122870035039005,15.407641090855252,15.501966807998073
14.832500000000001,15.308350035640458,17.311806550520497,39.89190465200771,15.16300373869626,15.447745334731888,15.543031232147122
14.9175,15.350704322895519,17.34418768454871,39.835341553662424,15.203609131170701,15.488288322199962,15.583126939366817
15.002500000000001,15.394302600827316,17.394762107799842,39.25152369018961,15.244584727679737,15.529538985967932,15.623686178880812
15.087500000000002,15.434297844728563,17.43803938392348,39.225076500788305,15.285845618941293,15.571762083380937,15.665970591395315
15.172500000000003,15.475880037417916,17.476632930449504,39.86726751103912,15.327508246678105,15.613712631646262,15.710165837054596
15.257500000000002,15.517881871347091,17.527965999529265,39.73012164664011,15.369544024265526,15.657016387225369,15.752269447520625
15.342500000000001,15.55915019717344,17.5736450884698,39.99618418829502,15.411925278360673,15.699925545736283,15.79728494090159
15.427500000000002,15.601567814157562,17.60140065864653,40.02208823585353,15.454732216848097,15.742392908678257,15.839415553606194
15.512500000000003,15.647462666871421,17.66581909572979,40.05733822654528,15.498005879642418,15.786942084440794,15.884277328719584
15.597500000000002,15.687436895301893,17.704039532244803,39.39720500445835,15.541534602159796,15.830764624442303,15.925881522268533
15.682500000000001,15.728567377339603,17.744118547313274,40.40253186929818,15.585477870897812,15.875234247239117,15.973579730232766
15.767500000000002,15.779572272516498,17.799354657119462,39.341051808866894,15.630078448706865,15.920132135964996,16.01609518829431
15.852500000000003,15.823194607260334,17.83351013776617,39.68839558659694,15.67492099071392,15.965610065553209,16.062489476988706
15.937500000000002,15.868407235311398,17.8789224625397,39.120752058904834,15.720205056989423,16.010920768864022,16.105690853547852
16.0225,15.913837968150554,17.942239988025868,39.42876106562531,15.765909359280258,16.05811110356477,16.15412192490455
16.1075,15.960889852264748,17.97273469003655,39.91912608799201,15.8120861997459,16.104000586859808,16.201177680934162
16.192500000000003,16.004544671860476,18.030309676422753,40.04033611829782,15.85861547582594,16.15098663946518,16.248989826205815
16.277500000000003,16.052611725372085,18.069218653738858,39.8421543475686,15.905704695579415,16.197676493601588,16.294565824619987
16.3625,16.103573725324367,18.11975508601137,39.473491492189694,15.953326512940018,16.2462801495268,16.343595187776202
16.4475,16.14659962687523,18.184618451346562,40.15352477990579,16.001222451094797,16.295898790407513,16.39437833722843
16.532500000000002,16.197318172788286,18.21098479368854,40.370663187338856,16.04979823801866,16.343667506558656,16.443359734624757
16.617500000000003,16.2452358616838,18.27044346053377,39.82608394279512,16.098746760241884,16.393259759781238,16.491864803203846
16.7025,16.294739132764583,18.331687534775025,40.553477198160365,16.148225795493232,16.443710928826036,16.544485633547694
16.7875,16.34853562745282,18.379995006810844,39.88900829145491,16.198290714144715,16.494119934237514,16.591015528966942
16.872500000000002,16.393920894175032,18.412572867006904,40.016016849031075,16.248642204118116,16.543923283677962,16.644259875909118
16.957500000000003,16.45073355015583,18.461299249602103,40.17770866719088,16.299810198726796,16.59523761006174,16.695273109018142
17.042500000000004,16.497586819520627,18.515244613987786,39.69020751650648,16.351258368675126,16.647652597203205,16.746853305115884
17.1275,16.55084789416282,18.571035881161386,39.88226390665091,16.40341108650632,16.700079842195134,16.800369826961006
17.212500000000002,16.605890603284397,18.615679676641626,40.37814227470183,16.45611415529809,16.752526191857093,16.85428014273827
17.2975,16.654045332540008,18.67828037471966,39.870184851964595,16.509184561025425,16.806900126228257,16.90686448056381
17.382500000000004,16.71246598822874,18.740528366140886,40.02898919245713,16.563079538537142,16.861811923835614,16.9608671354226
17.4675,16.76166675393447,18.796537613012834,40.097801335185395,16.61731688419189,16.916540505413796,17.017725032987723
17.552500000000002,16.817538420168216,18.858464539473665,40.44972780464114,16.672307156281086,16.972175325773794,17.073029756045994
17.637500000000003,16.874347110774924,18.902838849842443,40.42992139095666,16.727914070519965,17.027207862177313,17.12978973004225
17.722500000000004,16.932235947521608,18.9481202572002,41.05119978803964,16.784133709412444,17.0833417652114,17.18727492911882
17.807500000000005,16.986025077584575,18.990879316236168,40.262496315263775,16.840862178864423,17.139514490267583,17.242131992759628
17.892500000000002,17.045595701771756,19.049705899943593,40.26173357820818,16.898369635166198,17.19778688944284,17.299955914335392
17.977500000000003,17.107455393355906,19.117209957940087,40.521671926900936,16.95654518875442,17.25580135772467,17.357854753633944
18.0625,17.161904854723463,19.17832450368238,40.73406940187885,17.015206531613376,17.315323230101445,17.418042691666173
18.147500000000004,17.221952864031838,19.21755506094224,40.144614993377594,17.074649624694118,17.37427152508705,17.475063396864215
18.2325,17.281243512168736,19.288213708871222,40.753361257812855,17.13478063189383,17.435424948716697,17.537681246442784
18.317500000000003,17.34459841336352,19.34247727613063,40.51033810816443,17.195680365772645,17.496223031595797,17.59998530452007
18.402500000000003,17.405099967891683,19.435671325430317,40.83723547403045,17.257196286203683,17.560282344399344,17.66480514428253
18.4875,17.468408238839157,19.477244093884984,40.18211811509701,17.319515235981623,17.621402727111192,17.723633501135712
18.5725,17.52756203954955,19.52834414948123,40.27564640839889,17.382450716366264,17.683841411307935,17.785631283025314
18.657500000000002,17.59274400891997,19.608501271708626,41.178568269300065,17.446278256427814,17.749517134453306,17.853319126903486
18.742500000000003,17.659598651136186,19.682230702887917,40.56222998502167,17.510927694272535,17.814997951476556,17.91719303002394
18.8275,17.724013269961663,19.719413530018254,40.17289489825666,17.576260556400218,17.878918651838614,17.980422165926207
18.9125,17.790227035193947,19.805724174631685,40.8079579165611,17.642483826789675,17.94631742582466,18.049612759993384
18.997500000000002,17.85977222114676,19.872573802797266,40.87333759168361,17.709572417639354,18.014525154617385,18.117663687731167
19.082500000000003,17.927858023046213,19.934179641786077,41.07350901616471,17.777470395094397,18.082148072951107,18.185000109243195
19.1675,17.995846593406313,19.994400614186997,40.403032303161936,17.846142118804647,18.149887356643866,18.25177607560993
19.2525,18.064748693191362,20.055687026780973,40.56919580749137,17.9157296593983,18.21930219872858,18.321848500818025
19.337500000000002,18.13894277582059,20.13439695724529,40.51224368432255,17.98636039905312,18.291016517717615,18.394340294386183
19.422500000000003,18.204522014702743,20.20935408636032,40.9779265980553,18.057633496226945,18.36308374692447,18.467451636508166
19.5075,18.282443470186198,20.272485140539263,41.21030134131666,18.130194198009473,18.435320926897568,18.540040389169462
19.5925,18.35576733120597,20.364402343898032,40.6737644520042,18.203593377874064,18.509963222901252,18.61217030087358
19.677500000000002,18.42943555839163,20.420108057300602,40.614928689125016,18.277893179425934,18.583325251487107,18.68687644829578
19.762500000000003,18.5045540885572,20.484190498313293,41.544156047359486,18.353212557614576,18.658406463058526,18.76594649056673
19.847500000000004,18.58203200687348,20.569720208973234,40.84098523378398,18.429646077044293,18.73598350442489,18.839951736626798
19.9325,18.66144787744823,20.66200917883298,41.19189558901302,18.507165627029966,18.815080506796413,18.919688629783213
20.0175,18.741255685054785,20.733974171501664,41.6043420722979,18.585672336459876,18.892987274439083,18.99839194576727
20.1025,18.820327813912083,20.802547293908965,41.48430903696907,18.665340255849582,18.972191197108888,19.078673867888742
20.1875,18.901548089208244,20.90822172998896,41.43940986773113,18.74612348819855,19.054467782215024,19.16156247379216
20.2725,18.98841113904994,20.980907015132626,41.17605607696334,18.828195501345363,19.135872301084884,19.242100846358888
20.3575,19.06824187863292,21.05318651986,41.307588324559056,18.911260263115413,19.218151449770865,19.322631020896786
20.4425,19.153074068931684,21.139032552458545,41.634190377797154,18.99570691503361,19.30354558803086,19.408671156067044
20.5275,19.24377909137964,21.21343999730201,41.68197535982863,19.081411297027216,19.38849594246977,19.494799803373947
20.612499999999997,19.32982728928739,21.305363450187183,41.81939005463726,19.16819176995308,19.47627874214377,19.581934619175406
20.697499999999998,19.41766977231148,21.393277665736907,41.068282937994525,19.25641817658069,19.56463351181065,19.66789857563633
20.782500000000002,19.509094429361696,21.47757490068309,41.23399747982226,19.346062347605272,19.653987887749697,19.758267666219943
20.8675,19.602914049687712,21.56872821334791,41.570977382319974,19.437136698346958,19.74509901808478,19.85013537897505
20.9525,19.69784186114991,21.66626539139762,41.98393396309214,19.52960486430364,19.83879955527699,19.945607702235137
21.0375,19.79091462954444,21.766519147899093,41.820797977313866,19.623359819659118,19.93246214616036,20.037931269657097
21.1225,19.888114596980124,21.837430000686748,41.516192193506406,19.718740101405036,20.02667127559718,20.13207474481142
21.207500000000003,19.989571758404015,21.95845295543045,42.05412244035656,19.815761366729927,20.124911246800146,20.231646322030684
21.292499999999997,20.08805726486204,22.041040741182446,41.30351701153917,19.914251420437946,20.22274804140519,20.326838302125207
21.3775,20.189842660538744,22.135419036158023,41.63371810547515,20.014387942875473,20.322944398554785,20.4276519249808
21.462500000000002,20.29342108873594,22.25262071938841,41.78502625838003,20.116142844792154,20.42582662183144,20.530223145015047
21.5475,20.400198184200335,22.35189818994143,41.73960453754227,20.219797560209358,20.529275468655204,20.63429706283581
21.6325,20.507420316982255,22.43753904738097,41.9173449347401,20.32514489516942,20.634276217042352,20.7386560402782
21.717499999999998,20.62031298368617,22.5619644003641,41.97909140377255,20.432343998537764,20.742188110829296,20.84669462327417
21.802500000000002,20.727494092462848,22.689953704099754,42.015446532647545,20.541224849298185,20.85217893273475,20.95709323139307
21.887500000000003,20.844717409214706,22.785887491467214,41.49115591699873,20.652494621096036,20.96292100025108,21.066967449303345
21.9725,20.964159987327758,22.90268820910259,41.80478684262528,20.76560082275399,21.075693353799885,21.179793362820263
22.0575,21.078526200398873,23.018256619976455,41.86618750955827,20.88055302505257,21.19108056543527,21.294398964173265
22.1425,21.2031295962764,23.13993842224456,42.068445842982086,20.997921201578382,21.3084804265003,21.411588364458193
22.2275,21.325530396924194,23.24880238878601,41.684801187413264,21.117288370701658,21.42699213060814,21.52924253447323
22.3125,21.451902491733303,23.37143156546131,41.852495993846766,21.239042446463433,21.54915647148495,21.651770355030024
22.3975,21.57879067986423,23.516358794328227,42.51306681590551,21.362913020973455,21.6744526933012,21.779006696339106
22.4825,21.710992879227575,23.64105567720452,42.29474516201152,21.48942655501598,21.800500631014557,21.904310988040194
22.5675,21.846546940028034,23.74567085084867,42.147635372205954,21.618418651810725,21.92770986349651,22.031172419146237
22.6525,21.98365834589922,23.896219582341605,42.521032331977665,21.75010818757087,22.060289277647065,22.164122209460313
22.7375,22.12849698771367,24.047398808227285,42.07690745173131,21.884399790320952,22.194925147052764,22.297087302338813
22.822499999999998,22.265715631985234,24.170301507875646,42.58208645122973,22.021016685237978,22.330272706572437,22.433439136670753
22.9075,22.41850395786087,24.298028424370433,41.97876731682007,22.16112918184312,22.468783548935743,22.570331658748238
22.992500000000003,22.56755557162384,24.44457386067619,42.05706337235192,22.30383216172049,22.611719252420297,22.71190735246429
23.0775,22.720258130207913,24.60324822425051,42.05823398361387,22.449669072843776,22.757646469666742,22.857079976895513
23.1625,22.878815797290752,24.73280140315896,42.65566608966923,22.598729390323662,22.90487057939291,23.006870541677625
23.2475,23.03952188878417,24.891804941544848,43.050218479692724,22.751098909651244,23.057045643098075,23.160345096142848
23.3325,23.207287798881303,25.063664446827065,42.5666783172739,22.90709406621891,23.2133675885789,23.3150469251792
23.417500000000004,23.378728549239895,25.231627073105418,42.518126625329714,23.06644213441858,23.372556702302397,23.473219886789654
23.502499999999998,23.55194379390243,25.40234834386763,42.41050112425683,23.229469460034963,23.53526311726876,23.634121457257454
23.587500000000002,23.727359129993083,25.561492183252742,42.62625100878049,23.39608597099016,23.700986547725254,23.800522625825113
23.6725,23.917281434862343,25.742089035856722,41.865768451621754,23.567349546713626,23.871712349353416,23.966696141120142
23.7575,24.104903769971997,25.932604543478988,42.29819829297712,23.742240521417923,24.04648394769786,24.142447987054926
23.8425,24.295843552067662,26.116338098593523,42.41260120229357,23.9213222681508,24.224522834892166,24.318567300555124
23.9275,24.49354343010188,26.300269848401914,42.41619984979668,24.10519871680352,24.40720382135182,24.501414713955633
24.012500000000003,24.706298753300512,26.51141234057483,42.06150214209615,24.29418863142399,24.596419268403462,24.687667031773014
24.097499999999997,24.914387941473606,26.710887310252048,42.00562529826823,24.487528096002766,24.78910337211386,24.879004742702453
24.1825,25.133074934946954,26.91365158213819,42.280078720324575,24.686042748014273,24.986778233326994,25.076906190223887
24.267500000000002,25.35522709300744,27.15228044472885,42.15191143511332,24.889914917039835,25.191604575098516,25.279350208486708
24.3525,25.582661956306804,27.368715059994464,41.99410820677286,25.099302380669663,25.400339873768882,25.486232167356928
24.4375,25.825651403415836,27.60006302139533,42.01618822419039,25.314946829357815,25.615062145938513,25.69919506570188
24.5225,26.07203447038504,27.840748108553957,41.71256924374863,25.53669414035868,25.83593045157612,25.916720553562968
24.6075,26.324391072501538,28.092508739824204,41.63766031739287,25.764262919209436,26.063118358377924,26.1429346063412
24.692500000000003,26.584416619977855,28.351346938166042,41.63815336158468,25.998756073764493,26.297371516456998,26.376014396847978
24.7775,26.858597697358416,28.60990300788226,41.87038173779908,26.240695290965768,26.53816351283349,26.615970737119554
24.8625,27.13620726137709,28.874245512326336,41.81893304959916,26.48978407755279,26.78600770213301,26.862557885162722
24.9475,27.427546787919454,29.154308773162715,41.65445409863168,26.74706672119988,27.042574210292777,27.117545237293573
25.0325,27.735905867822638,29.46114669354246,41.731992144336566,27.012521100191595,27.307238270096587,27.380856607797206
25.1175,28.039835984659334,29.744119846255458,41.9569507411553,27.285804040190055,27.578835941813033,27.653065387028754
25.2025,28.370892607886784,30.063563638864075,42.00203763571836,27.56934382894652,27.86180212306627,27.935220244345544
25.2875,28.704784272459282,30.3900185070546,42.20356640349338,27.861998372643015,28.153403301560537,28.227974930528696
25.372500000000002,29.053999408285033,30.726478555075534,42.67469673898985,28.164759472509182,28.45592981696231,28.531078511559272
25.4575,29.418491366645018,31.088959792842353,42.47078083418912,28.47878748764967,28.77002855240891,28.84295483812625
25.5425,29.79442561990516,31.454746545588275,42.69830896490231,28.803657439429237,29.093344757542663,29.165752632240565
25.627499999999998,30.18829626485971,31.820469178451336,42.940298831645045,29.14117514657134,29.428556643404583,29.501457048841303
25.7125,30.596248347466286,32.22506192314319,42.9028154645348,29.491359294192776,29.778583787520656,29.84976795174397
25.797500000000003,31.02755109001464,32.64297059175,43.2667846238952,29.855730799711566,30.141914115066875,30.21329989827816
25.8825,31.46712535707858,33.06388436344747,43.70834549981997,30.234077282310587,30.518940831408518,30.591051705349955
25.9675,31.940742890518642,33.5172801150254,43.95110140857913,30.6292793994896,30.912997396632903,30.9846263231227
26.0525,32.420312862515644,33.997034578574066,43.93674036458112,31.04032497563151,31.3243951994719,31.394058016334387
26.1375,32.93656103587351,34.50018224109796,44.239856879305805,31.470358596304784,31.7534801835933,31.82304362750961
26.222500000000004,33.46706823834458,35.00703879562472,44.479638592816805,31.918995481855557,32.19989946990529,32.26845697826102
26.307499999999997,34.02580431645474,35.5569040337961,44.7644162813174,32.38909297188128,32.67033595216049,32.737763284246135
26.392500000000002,34.614675044476165,36.13956277030142,45.25779673922105,32.8817779405874,33.16254009918641,33.22927646746784
26.477500000000003,35.23049007967495,36.72710934753982,45.2723597329758,33.399055897692115,33.67698958315699,33.74116482956246
26.5625,35.89258024725233,37.380857532604765,45.67490793253632,33.944684040350964,34.22232211561614,34.285267416523325
26.6475,36.59361066349099,38.06115157832236,46.03441559363353,34.51956410453042,34.79589879702399,34.8571160400637
26.732499999999998,37.32983541122294,38.78364143545289,46.68270008503134,35.125986159924636,35.40201084442864,35.463522365771134
26.817500000000003,38.107710203307995,39.557052628197866,47.03503467000239,35.76786048441656,36.0433638222414,36.10192377684404
26.902500000000003,38.9389458305659,40.36746586068642,47.39302744034049,36.44962528202727,36.72368138636805,36.780271510784274
26.9875,39.8321098093734,41.23901576491051,47.96349825586325,37.17624500675566,37.44920539986281,37.50398301475426
27.0725,40.804386461708894,42.200067499279925,48.31743189516151,37.953523273924155,38.225914064513425,38.27663033312422
27.1575,41.8535064290055,43.24735320455195,49.134965638023154,38.786823385889164,39.060933599911976,39.109901880308755
27.2425,42.98851977794892,44.37939632926925,49.73016730053336,39.68427720394553,39.95888738131529,40.004467059722664
27.3275,44.2842024881848,45.65420470228479,50.689116860488,40.66138155657781,40.9357854735396,40.978724806383696
27.4125,45.73738981714543,47.110177362372404,51.724859950151306,41.72491262251232,42.00179687515879,42.04241009777202
27.497500000000002,47.38857601716471,48.760433218450565,53.0033124592636,42.89119571439313,43.17138254560897,43.20939100482395
27.5825,49.312706159142785,50.700109097807896,54.455426216867316,44.17943058009074,44.46568747615041,44.50042074164839
27.6675,51.54640845852119,52.96632090337318,56.58363934674283,45.60666345551657,45.90211516074415,45.93613240981991
27.7525,54.17838147585432,55.631100470482934,58.792329463192694,47.19794431128338,47.504661678069816,47.534797829639885
27.8375,57.243178415572395,58.748225791102485,61.72824483121981,48.97462506812227,49.29727778442176,49.32675542653406
27.9225,60.84759951538012,62.42094234678558,65.05818285989272,50.96980968074672,51.3139844513626,51.34140640125221
28.0075,65.08304432067554,66.75025648458032,69.25465680786158,53.21157119275516,53.58492237027044,53.611856903299504
28.0925,69.98532581732013,71.7625495941969,74.09052733016811,55.72612476433004,56.13516530190316,56.16112358222209
28.177500000000002,75.52883340406547,77.4243570131078,79.6020079302159,58.5317520767822,58.98295694607648,59.00855650976771
28.2625,81.85493549878902,83.87404950110542,86.02223605948494,61.66461418577566,62.164452666066914,62.19084225275652
28.3475,88.76143957173396,90.9169845643736,92.88065769250089,65.11944727249734,65.67654051026072,65.70213107111356
28.432500000000005,96.3246509421504,98.59619062560587,100.43106484673153,68.92206663582418,69.53890316412622,69.56438128379457
28.5175,104.45820552999305,106.83199391952053,108.55838891145027,73.07793056429833,73.75990826063132,73.78515265706788
28.602500000000003,113.0741720864585,115.54245019686957,117.11757043289572,77.5783457335291,78.32805930840244,78.35255186733559
28.6875,122.05805666916727,124.58759875524869,125.99372053753952,82.41313650575887,83.2264532403394,83.2498538970082
28.7725,131.34174360587616,133.8869131518719,135.10931634909124,87.57422394754347,88.44301060961965,88.46485707200526
28.8575,140.90543422179536,143.44675182172728,144.54427358311813,93.05193214396255,93.97254638571351,93.99337267620466
28.9425,150.5844292080389,153.0870848858063,153.96390508297605,98.80527525380212,99.76564903284404,99.78366649377192
29.027500000000003,160.3247084590805,162.72961927368155,163.53011394903112,104.81686418062046,105.79626200039594,105.81335961563543
29.112499999999997,170.1536393552808,172.43817848959347,173.13223093375146,111.07630506748532,112.0604142979562,112.07635948695035
29.1975,179.86949917848875,181.98829016660878,182.57854339985235,117.50812957111923,118.47131191863143,118.48581693146386
29.282500000000002,189.57043540436806,191.48294044876533,191.96717646104946,124.13173229117673,125.0456700176237,125.05817455354006
29.3675,199.13904722454603,200.77075226563585,201.1766322921831,130.8850247130358,131.70595503605503,131.71709832549243
29.4525,208.50287773610145,209.78809904733393,210.0705527116889,137.69879314146198,138.381700880566,138.3904849591851
29.537499999999998,217.68912745569332,218.52750006549002,218.7291090918659,144.58468842329304,145.0597696474604,145.0658566341324
29.622500000000002,226.56530052192227,227.04032173496668,227.19207789579175,151.4471730188865,151.7194142079616,151.7247062815655
29.707500000000003,235.30129076823366,235.60024199707377,235.87322159452415,158.36083810595355,158.50748044678403,158.5169099711326
29.7925,243.9610040320647,244.14945959993457,244.43991241540252,165.2728520092402,165.3128224427862,165.3248331440941
29.8775,251.94701303162748,252.0282232549669,252.59596874166576,172.0021162154841,171.9111857969997,171.9327596175739
29.9625,260.03607996809905,260.03546144540184,261.02473265986555,178.80261021670825,178.53579388374416,178.57812046887284
30.0475,267.6898355517896,267.5693964428258,269.1698997655707,185.47739348082746,184.89103784938183,184.96504711193063
30.1325,275.4101359231567,275.06823361628386,278.3956690437894,192.14844798381893,190.90591963555235,191.0477225346761
30.2175,282.5712194625913,281.77708656984356,286.9222948828092,198.7295039094509,196.09959111309627,196.31310706285748
30.302500000000002,289.9566935953269,288.2393197650158,295.5484193408194,205.55210800376886,199.90840845575485,200.2046269323593
30.387500000000003,297.07755575720876,293.12203460070884,311.50934774155405,211.87336132264699,199.21440786498755,200.0676267022034
30.4725,303.04370727113337,293.8963631618354,327.2326939800141,218.1168274326935,190.0440801819567,191.5573560387671
30.5575,310.6957227066751,288.3509852697024,403.45147073098946,225.40045360619487,166.39015953153807,170.9433584654178
30.6425,319.88523262940157,267.59213006674304,447.80440223212116,234.45558629393466,127.90334194387215,135.74450981970327
30.7275,319.4342912989183,213.67382573668894,497.51970881250173,243.10585205883956,88.84805445412943,97.24215914500718
30.812500000000004,296.1876177691945,157.97349858944358,611.4332909544789,248.8526864311316,67.11413640308777,79.27563743287374
30.8975,148.34322268480912,123.1146371058336,635.313552953293,128.19738842672976,58.07004422903718,70.80033142369034
30.9825,69.6772093962059,106.79573196575244,456.41649954475645,63.068105097270696,54.42504932699859,63.545860335565436
31.0675,24.50966742349009,102.8263038879505,784.3142294843572,21.609085354816653,52.76794666630594,71.16610675019743
31.1525,6.398498961092722,99.72623742344965,715.8980674135786,5.634982770314895,52.901048414578206,66.96752648791501
31.237500000000004,0.0,98.12485900809735,710.0948488843496,0.0,52.11981788203747,68.40432410105319
31.322499999999998,0.0,96.6600009628125,738.3810045353971,0.0,51.275302943990866,68.18104153570954
31.407500000000002,0.0,98.82299768059707,705.2460660999504,0.0,51.359039643425874,67.0264234811774
31.4925,0.0,94.77849801985704,597.1961880938275,0.0,50.391647719548715,62.9551504125463
31.5775,0.0,101.06261929645504,748.6887928979507,0.0,51.9733271077505,68.66000429165258
31.6625,0.0,96.97647954074695,497.1593606799722,0.0,51.38389589570927,62.15596902087894
31.7475,0.0,97.43322092401537,594.4896405817564,0.0,51.75909393619635,64.45929434770659
31.832500000000003,0.0,100.91150712184162,660.8341626559147,0.0,51.86997802262952,65.9777180231438
31.917500000000004,0.0,100.70336537188572,691.1696681177693,0.0,51.152632023097034,65.85783950466298
32.0025,0.0,99.90709883873288,765.2317978154695,0.0,50.9016473281049,67.41314518557495
32.087500000000006,0.0,91.68485854270136,597.9014644024892,0.0,49.36543210892747,62.49782264601046
32.1725,0.0,93.20989774818314,636.5970796642717,0.0,49.795450907395,63.79150087734055
32.2575,0.0,95.3915843415182,713.3776416272558,0.0,50.231501063051155,67.18370783931749
32.3425,0.0,89.72529314604765,586.5018874137609,0.0,49.57344200322542,62.27259245004757
32.4275,0.0,93.59781261622767,477.45446787016465,0.0,50.073444604177695,59.940968783700136
32.5125,0.0,91.17985692813427,548.7179344607899,0.0,49.457198737115135,62.128256730055604
32.5975,0.0,94.90957818715674,629.4318132396425,0.0,50.69480023437788,64.66504129163137
32.682500000000005,0.0,95.72252605504234,546.5912325867939,0.0,51.09036944742238,63.20159509274874
32.767500000000005,0.0,96.67078409530669,711.249395524514,0.0,51.18704773717305,66.99173301399897
32.8525,0.0,95.36792829622257,706.6674066408682,0.0,51.115967039898266,65.72879036625025
32.9375,0.0,99.05977118680796,691.655524218081,0.0,50.800105403066745,65.37479558728414
33.0225,0.0,88.73934926766096,574.6258283440154,0.0,50.20871094721961,63.11537281433722
33.1075,0.0,91.38565463164689,588.2632184289986,0.0,50.56399250482501,62.28453440109458
33.1925,0.0,92.89462830061423,619.2980856711245,0.0,51.79315576444801,63.477810005943425
33.2775,0.0,100.25405543854971,481.43881639107576,0.0,52.72296877368357,63.768833784653935
33.362500000000004,0.0,97.44947634190113,637.2672782380428,0.0,51.71901334285688,66.20494885782928
33.4475,0.0,96.6094414598268,581.4146482511837,0.0,51.31014408155091,64.57237105901982
33.5325,0.0,95.26028609254018,719.90090363722,0.0,51.07535714979244,64.77692257361352
33.6175,0.0,95.15793669445446,667.9104761217529,0.0,50.939122209170456,64.91475777193236
33.7025,0.0,93.83805144223118,666.1533736703168,0.0,49.92861030424878,63.83647388245078
33.7875,0.0,93.07540576016943,809.382191826927,0.0,50.10799972985371,68.22074777687294
33.8725,0.0,93.61908259110022,611.9948217967964,0.0,50.77479632352534,65.09638604299647
33.9575,0.0,100.48013559739152,719.121503670489,0.0,51.51669590976803,67.69401745761527
